time,voltage,current,power,efficiency
0.0,400.0,0.0,0.0,0.9
0.0001002004008016032,400.3145809305144,0.010091762955858917,4.039879858524752,0.9004026537922506
0.0002004008016032064,400.62791537449306,0.04034705321227001,16.164155819935477,0.9015977121988478
0.0003006012024048096,400.9387617844429,0.09070590465882007,36.367513100445045,0.9035471904132136
0.0004008016032064128,401.24588847138625,0.16106847281584835,64.62806247972439,0.9061901347412132
0.000501002004008016,401.54807848527014,0.2512951832535551,100.90709796806888,0.9094459528009267
0.0006012024048096192,401.84413443697457,0.3612069391042584,145.1488897969797,0.9132186957333785
0.0007014028056112224,402.1328832428131,0.4905853873933717,197.28051630928897,0.9174019616735297
0.0008016032064128256,402.4131807727263,0.6391732438374137,257.21173811743506,0.9218840581423509
0.0009018036072144289,402.68391638375044,0.8066746756795946,324.8349176502509,0.9265530647691773
0.001002004008016032,402.944017320797,0.9927557420569301,400.0249869227083,0.9313014739534745
0.0011022044088176352,403.1924529673076,1.1970448913169618,482.63946604206996,0.9360301492417235
0.0012024048096192384,403.4282389289392,1.4191335146256279,572.518534610453,0.9406514204110805
0.0013026052104208416,403.65044093410074,1.6585765551350191,669.4851578032124,0.9450912205722709
0.0014028056112224449,403.8581785358839,1.9148931719042381,773.3452684960469,0.9492902544537439
0.001503006012024048,404.0506286007212,2.1875674576949296,883.8880063881179,0.9532042603706331
0.0016032064128256513,404.227028569947,2.476049209691059,1000.8860146263823,0.9568034855113252
0.0017034068136272545,404.38667948133804,2.7797547521221246,1124.0957939831358,0.9600715320720546
0.0018036072144288577,404.52894873866177,3.0980678096997947,1253.2581141789465,0.963003750028278
0.001903807615230461,404.65327261825763,3.4303404307101264,1388.098481481576,0.965605352741487
0.002004008016032064,404.75915850271946,3.775893958536939,1528.3276612529137,0.9678894175211448
0.002104208416833667,404.846186832829,4.134020050328431,1673.642253665925,0.9698749089098551
0.0022044088176352704,404.91401277000506,4.503981741451644,1823.7253203740204,0.9715848322343187
0.0023046092184368736,404.9623675626825,4.88501455432478,1978.2470594975252,0.9730445928970793
0.002404809619238477,404.99105961120546,5.2763276501505825,2136.8655258903864,0.9742806062638054
0.00250501002004008,404.99997522701653,5.654396601932728,2290.0304837064814,0.9752657262598231
0.0026052104208416833,404.98907908313316,5.594904261323469,2265.875124351689,0.9751227842987649
0.0027054108216432865,404.95841435412603,5.516075803348903,2233.7813107813336,0.974926714004532
0.0028056112224448897,404.9081025450456,5.41845995580685,2193.9783394220635,0.9746729550994035
0.002905811623246493,404.8383430099739,5.302637261560742,2146.7108825531964,0.974355351072565
0.003006012024048096,404.7494121621095,5.169219023926776,2092.238361271556,0.9739659578706241
0.0031062124248496994,404.64166237851566,5.018846208978551,2030.834273223192,0.9734947891160598
0.0032064128256513026,404.5155206038717,4.8521883063443285,1962.7854788088946,0.9729294909304091
0.003306613226452906,404.3714866587594,4.669942150125157,1888.391449856513,0.9722549373756714
0.003406813627254509,404.2101312591881,4.472830701613168,1807.9634849991849,0.9714527355544349
0.0035070140280561123,404.03209375520584,4.2616017955381365,1721.8238962022178,0.9705006275654368
0.0036072144288577155,403.83807959755694,4.0370268516171155,1630.3051710408274,0.9693717748862907
0.0037074148296593187,403.628857542424,3.799899553226185,1533.7491154446523,0.9680339094996876
0.003807615230460922,403.40525660533035,3.5510344950554744,1432.5059816922333,0.9664483354181967
0.003907815631262525,403.16816277627225,3.2912658016480965,1326.933586458838,0.9645687645094038
0.004008016032064128,402.91851550909763,3.02144571876159,1217.3964236947384,0.9623399720951069
0.004108216432865732,402.65730399904066,2.742443179519737,1104.2647770359745,0.9596962612307616
0.004208416833667334,402.38556326316285,2.455142347374091,987.9138363393675,0.9565597305256942
0.004308617234468938,402.10437003923056,2.1604411378816097,868.7228227547231,0.9528383496256232
0.004408817635270541,401.81483851928033,1.8592497213977142,747.0741265704395,0.9484238599407266
0.0045090180360721445,401.5181159347756,1.5524890087281584,623.3524617939776,0.9431895368198422
0.004609218436873747,401.21537801084963,1.2410891218903284,497.94404118438155,0.9369878740950706
0.004709418837675351,400.9078243076457,0.9259878520667718,371.23577510739955,0.9296482835656312
0.004809619238476954,400.59667346721375,0.6081291069374427,243.61449727772705,0.9209749410792334
0.004909819639278557,400.2831583847983,0.2884613495028414,115.46622005093853,0.9107449573877041
0.00501002004008016,399.9685213236488,0.03206396939071639,12.82457842497157,0.9012723325163083
0.005110220440881764,399.6540089927116,0.3524939826929121,140.87563332902982,0.9129271297976055
0.0052104208416833666,399.3408676067055,0.6718759807336089,268.30753707026554,0.9228266063434654
0.00531062124248497,399.03033794815593,0.989258984610896,394.7443469475354,0.9312162560117825
0.005410821643286573,398.723650450954,1.3036953171560504,519.8141559322746,0.9383134316043311
0.005511022044088177,398.42202032491963,1.6142421693401923,643.1496264022004,0.9443087503819377
0.0056112224448897794,398.1266427406892,1.9199631599047167,764.3884870386698,0.9493680048843783
0.005711422845691383,397.8386880940051,2.219929886094493,883.1739935445072,0.9536343588311494
0.005811623246492986,397.559297368173,2.513223463296199,999.1553541972434,0.9572306597978659
0.0059118236472945895,397.2895776130622,2.7989360514858563,1111.988121660788,0.9602617454337972
0.006012024048096192,397.0305975585624,3.0761723663193665,1221.334552792915,0.9628166575643203
0.006112224448897796,396.78338337987896,3.3440511728059334,1326.8639385413906,0.964970708730364
0.006212424849699399,396.5489146314454,3.6017067594405976,1428.2529062769095,0.9667873691459596
0.006312625250501002,396.32812036556476,3.848290390782149,1525.1856971995537,0.9683199595651398
0.006412825651302605,396.1218754511592,4.082971736405879,1617.3544216391729,0.9696131480944504
0.006513026052104208,395.9309971072142,4.304940274272915,1704.4592952798794,0.9707042575195436
0.006613226452905812,395.75624166465326,4.513406666518002,1786.2088594453555,0.9716243951046375
0.006713426853707414,395.59830156947385,4.7076041057383975,1862.3201886915917,0.9723994198355628
0.006813627254509018,395.457802639019,4.8867896299026015,1932.5190890004278,0.9730507633450626
0.006913827655310621,395.33530158225653,5.0502454039958975,1996.540289853123,0.9735961207940452
0.0070140280561122245,395.23128379389107,5.197279966629379,2054.127633447201,0.9740500271807181
0.007114228456913827,395.1461614310502,5.327229439809176,2105.0342642030796,0.9744243332044935
0.007214428857715431,395.08027178016437,5.439458700184276,2149.0228216057835,0.9747285931331564
0.007314629258517034,395.03387592051314,5.5333625100675565,2185.8656392252465,0.9749703752464942
0.007414829659318637,395.00715768973174,5.608366606647526,2215.344952573845,0.9751555034371366
0.00751503006012024,395.0002229553784,5.596232388258764,2210.5130410723214,0.9751260220043959
0.007615230460921844,395.0130991954471,5.1972814240878495,2052.9942427198685,0.9740500315166356
0.007715430861723447,395.0457353894905,4.807959892173584,1899.364051326889,0.9727713905392916
0.00781563126252505,395.09800222078104,4.429078863181868,1749.920210521444,0.9712636961209886
0.007915831663326654,395.1696925887123,4.061423997814781,1604.9516726888858,0.9695006365053753
0.008016032064128256,395.2605224294085,3.7057543618534594,1464.7384050612577,0.9674571666614388
0.00811623246492986,395.37013184129114,3.362801282878579,1329.5511865677668,0.9651109507476846
0.008216432865731463,395.4980865111426,3.0332672502079467,1199.6513933341582,0.9624440484941008
0.008316633266533067,395.64387943501674,2.7178248594809227,1075.2907710299614,0.95944479476586
0.008416833667334669,395.8069329271768,2.4171158033178965,956.7111926410657,0.9561097904437122
0.008517034068136272,395.9866009091008,2.1317499093765138,844.1444006022894,0.9524458907657194
0.008617234468937876,396.18217146948507,1.8623042271029389,737.8117326304434,0.9484720478837534
0.00871743486973948,396.39286968510106,1.6093221643618754,637.9238309792416,0.9442208417356242
0.008817635270541082,396.6178606913291,1.3733126751114642,544.6803352629952,0.9397395218329045
0.008917835671342685,396.8562529902025,1.1547494991847935,458.26955938879007,0.9350903863149741
0.009018036072144289,397.1071019828535,0.9540704552018449,378.8681535526665,0.9303503467255041
0.009118236472945893,397.369413712365,0.771676787526989,306.6407526350408,0.9256095688228976
0.009218436873747494,397.64214880219726,0.6079325681529343,241.73961272717102,0.9209691404375573
0.009318637274549098,397.924226574584,0.46316415429188235,184.30423787366857,0.9165377933703128
0.009418837675350702,398.21452933257916,0.33765970240298776,134.46099946698453,0.9124277913770806
0.009519038076152305,398.5119067887874,0.23166873928439896,92.3227510355803,0.9087501819806094
0.009619238476953907,398.8151806232306,0.1454017908082373,57.98844146412836,0.9056096864405413
0.009719438877755511,399.12314915228893,0.0790300687827332,31.54272993028648,0.9030995598407568
0.009819639278557115,399.4345920902181,0.032685216361516535,13.055606064742879,0.9012967833810765
0.009919839679358717,399.74827538437484,0.006459112329080223,2.5820190140637718,0.9002579477406051
0.01002004008016032,400.0629561049923,0.000403734526335543,0.1615192280874462,0.9000161477511475
0.010120240480961924,400.3773873701291,0.014531082595776693,5.817916885356626,0.9005791368847292
0.010220440881763528,400.6903232862793,0.04881316014645832,19.558960919709307,0.9019288918299829
0.01032064128256513,401.0005238850652,0.10318201636399342,41.37604261747873,0.9040226228806391
0.010420841683366733,401.30676003645306,0.1775298470113363,71.24392771388656,0.9067951473964524
0.010521042084168337,401.6078183190225,0.27170915468330414,109.1205208296676,0.9101624341748455
0.01062124248496994,401.90250582799354,0.38553296810783283,154.94666596184194,0.9140260378953237
0.010721442885771542,402.18965490195836,0.5187751202002279,208.64598656505163,0.9182780837445491
0.010821643286573146,402.46812774958977,0.6711705845078821,270.12476854748513,0.922806437838929
0.01092184368737475,402.7368209579929,0.8424158695916192,339.27188924389185,0.9274997096594713
0.011022044088176353,402.9946698648376,1.0321694708339846,415.95879514330574,0.9322517747232539
0.011122244488977955,403.2406527769458,1.2400523790675941,500.0395308128213,0.9369655720587897
0.011222444889779559,403.4737950186196,1.4656486453599122,591.3508211072627,0.9415560124930337
0.011322645290581163,403.6931727936687,1.7085060011927842,689.7122083585385,0.945951920315387
0.011422845691382766,403.8979168458339,1.9681365332344651,794.9262458415818,0.9500970132097966
0.011523046092184368,404.08721590310364,2.244017411796147,906.7787483707934,0.9539499958169836
0.011623246492985972,404.26031989227505,2.5355916720213685,1025.039100447547,0.9574838957267797
0.011723446893787575,404.41654291102253,2.8422690467538545,1149.4606219112013,0.9606848046243351
0.011823647294589179,404.55526594569795,3.163426850004919,1279.7809906035016,0.9635502017997946
0.011923847695390781,404.6759393240925,3.498410909829232,1415.7227210767976,0.9660870344360303
0.012024048096192385,404.7780848934422,3.846536549388243,1556.9936979340025,0.9683097126037116
0.012124248496993988,404.8612979150471,4.207089614874907,1703.2877619231706,0.9702381510192027
0.012224448897795592,404.9252486679959,4.579327548965668,1854.2853464971272,0.9718959587242402
0.012324649298597194,404.9696837556433,4.962480508348829,2009.6541621095694,0.9733088458329084
0.012424849699398798,404.9944271096613,5.355752523863889,2169.049925143378,0.9745032864749378
0.012525050100200401,404.99938068768716,5.644070267123993,2285.8449627430064,0.9752412191993796
0.012625250501002005,404.9845248618044,5.580668366244086,2260.0843267146633,0.9750879446870958
0.012725450901803607,404.949918496315,5.498037499220514,2226.4298371990303,0.9748807503014363
0.01282565130260521,404.8956987144977,5.396732839109621,2185.113913666765,0.9746147689542534
0.012925851703406814,404.8220803552747,5.2773411666373455,2136.3842298226627,0.974283503879471
0.013026052104208416,404.72935512193965,5.140479806840518,2080.503077239916,0.9738786250810347
0.01312625250501002,404.6178904263209,4.986795522935328,2017.7466844775142,0.9733897010933872
0.013226452905811623,404.4881279329596,4.816963369020247,1948.4044954566418,0.9728038587118059
0.013326653306613227,404.34058180907044,4.631685503209357,1872.7784111243086,0.9721053613035526
0.013426853707414829,404.1758366872201,4.431689962921188,1791.1819987020265,0.971275094359276
0.013527054108216433,403.9945453487958,4.217729404032719,1703.9396729864457,0.9702899451349049
0.013627254509018036,403.79742613744287,3.9905798057210564,1611.3858543462195,0.969122061669246
0.01372745490981964,403.5852601127206,3.7510391427720213,1513.8641081286428,0.9677379753049524
0.013827655310621242,403.35888795525364,3.499926027263651,1411.7262702827152,0.9660975703330913
0.013927855711422845,403.119206635643,3.2380783215029996,1305.3315639883638,0.9641528848558865
0.014028056112224449,402.8671658603358,2.966351724202359,1195.0457120743247,0.9618467288599674
0.014128256513026053,402.6037643085346,2.68561833182259,1081.2400498877819,0.9591111093717172
0.014228456913827655,402.33004567506015,2.3967651771356397,964.2906431893756,0.9558654591158925
0.014328657314629258,402.047094534844,2.100692747014617,844.5774154476468,0.9520146751251957
0.014428857715430862,401.7560320454402,1.7983134815607165,722.4832887256543,0.9474469881641391
0.014529058116232466,401.458011504582,1.4905502566034998,598.3933420636854,0.9420317035948653
0.014629258517034067,401.1542137803881,1.178334851728875,472.693991015327,0.9356168803622439
0.014729458917835671,400.8458426323241,0.8626064059320332,345.7721916458664,0.9280270478804865
0.014829659318637275,400.53411994146035,0.5443098630848959,218.01467198616555,0.9190611012018187
0.014929859719438878,400.22028086892516,0.22439440932165575,89.80719352412962,0.9084905627848644
0.01503006012024048,399.9055689617373,0.019237619088942556,7.693231007232751,0.9007658157411518
0.015130260521042084,399.59123122541087,0.08329693794634757,33.28472599128767,0.9032634470157038
0.015230460921843688,399.27851318285593,0.14710857683941414,58.7372938368872,0.905673143533789
0.015330661322645291,398.968653939154,0.21048244694418128,83.97589853513941,0.9079914104503042
0.015430861723446893,398.6628812717633,0.2732291825269259,108.9263331537128,0.9102154915324189
0.015531062124248497,398.36240676560817,0.33516045399005123,133.51532510413068,0.9123432987284665
0.0156312625250501,398.0684210123296,0.3960892794748776,157.67063406047586,0.914373341371172
0.015731462925851702,397.78208889271866,0.45583033459921185,181.3211426775414,0.9163046559943172
0.015831663326653308,397.50454496102583,0.5142002598949799,204.39694032839517,0.9181367375741134
0.01593186372745491,397.2368889494358,0.5710179655100589,226.82940015345204,0.919869472845954
0.01603206412825651,396.98018141051966,0.6261049327715239,248.5512497936608,0.9215030761971739
0.016132264529058117,396.73543951493156,0.6792855121672776,269.4966362258103,0.9230380284956096
0.01623246492985972,396.50363302100084,0.7303872173412845,289.60118518791865,0.9244750190882286
0.01633266533066132,396.28568043218894,0.7792410147014361,308.80205573162795,0.9258148910908471
0.016432865731462926,396.08244535763754,0.8256816082166374,327.0379904692726,0.927058589989619
0.016533066132264528,395.8947330902283,0.8695477190144043,344.2493621284245,0.9282071154895625
0.016633266533066134,395.7232874157132,0.9106823593969005,360.3782170520394,0.9292614764717079
0.016733466933867736,395.56878766555866,0.9489331008658525,375.3683162852246,0.9302226488576538
0.016833667334669337,395.43184602518255,0.9841523358090409,389.16517491896445,0.9310915361304897
0.016933867735470943,395.31300510824747,1.016197532454787,401.7161003382877,0.931868932217778
0.017034068136272545,395.21273580662427,1.0449314827443001,412.97023002584723,0.9325554864095293
0.017134268537074147,395.131435424543,1.0702225427784995,422.87856955177284,0.9331516699572173
0.017234468937875752,395.06942610432634,1.0919448654809383,431.3940313431201,0.9336577439781473
0.017334669338677354,395.0269535499419,1.109978625153779,438.47147480005026,0.9340737282734102
0.01743486973947896,395.0041860534317,1.1242102336134052,444.0677482814014,0.9343993706542413
0.01753507014028056,395.0012138280766,1.1031423189855172,435.74255502439854,0.933916476644102
0.017635270541082163,395.0180486509379,1.02372409054494,404.3894926040183,0.9320497224611461
0.01773547094188377,395.0546238161921,0.9462645862932662,373.8262001686709,0.930156188736609
0.01783567134268537,395.1107943994441,0.870925023315772,344.11187782464907,0.9282427704925145
0.017935871743486972,395.18633783197185,0.7978614886520576,315.303959797572,0.9263170261699292
0.018036072144288578,395.2809547826259,0.7272247039497586,287.458075318773,0.9243871503872025
0.01813627254509018,395.39427034389075,0.6591597985157205,260.62800757414936,0.9224619346180589
0.018236472945891785,395.525835517408,0.5938060910605218,234.86565030203894,0.9205507154165893
0.018336673346693387,395.6751289930744,0.5312968804423056,210.2209617026273,0.9186633100767617
0.01843687374749499,395.84155921466623,0.47175924566896665,186.74191537953854,0.916809939902867
0.018537074148296594,396.0244667238049,0.4153138554396663,164.47444812350125,0.9150011415811785
0.018637274549098196,396.2231267729762,0.3620747874715766,143.4624044176489,0.9132476674700929
0.018737474949899798,396.43675219724884,0.3121493578475387,123.74747762553505,0.9115603759586318
0.018837675350701404,396.66449653331506,0.2656379606199757,105.36914790945923,0.9099501133701678
0.018937875751503006,396.9054573734922,0.2226339178782566,88.36461700232194,0.9084275891966449
0.01903807615230461,397.15867994139734,0.18322334047473676,72.76874003739965,0.9070032467277647
0.019138276553106213,397.42316087512637,0.14748499960360606,58.61395472413188,0.9056871313777944
0.019238476953907815,397.6978522029464,0.11549020939109317,45.93020822530631,0.9044887591971773
0.01933867735470942,397.98166549574944,0.08730272066161146,34.74488217121831,0.9034169881800266
0.019438877755511022,398.2734761798126,0.06297862601605118,25.082716308441086,0.902479895031388
0.019539078156312624,398.5721279927772,0.042566276346267216,16.96573134406034,0.901684660036187
0.01963927855711423,398.8764375651901,0.02610620890057852,10.413151604595418,0.901037462571863
0.01973947895791583,399.1851991094527,0.013631086992362935,5.441328175124669,0.9005433896284276
0.019839679358717433,399.49718919759994,0.00516565143091806,2.0636632270263253,0.9002063594472748
0.01993987975951904,399.81117160897617,0.0007266837413470104,0.29053627801714244,0.9000290620696008
0.02004008016032064,400.1259022286007,0.00032298121999069376,0.1292331520516705,0.9000129182056871
0.020140280561122246,400.4401339768139,0.003955343858852726,1.5838784247633537,0.9001580574099867
0.020240480961923848,400.7526217506701,0.01161657315664105,4.655372148282359,0.9004633160874169
0.02034068136272545,401.06212735749773,0.023291482817892867,9.34133164825472,0.9009262553789448
0.020440881763527055,401.3674244210795,0.038956921325870794,15.636039175939386,0.9015431984956137
0.020541082164328657,401.6673032410098,0.05858180635885188,23.530396179147072,0.9023092866058038
0.02064128256513026,401.960575585978,0.08212717100634669,33.011884928959155,0.9032185519464064
0.020741482965931864,402.2460794019818,0.10954622172172293,44.06453820086326,0.9042640064385875
0.020841683366733466,402.5226834168173,0.1407844079351009,56.66891766528469,0.9054377437557329
0.02094188376753507,402.78929162259976,0.17577950323776212,70.80210159091068,0.9067310525245534
0.021042084168336674,403.04484761855406,0.21446169802416556,86.43768240016617,0.9081345381466954
0.021142284569138275,403.288338796867,0.25675370347727194,103.54577455529237,0.9096382506129367
0.02124248496993988,403.5188003550159,0.3025708667525634,122.09303317437175,0.9112318156439198
0.021342685370741483,403.73531911867457,0.35182129721061534,142.04268370207384,0.912904566530302
0.021442885771543085,403.9370371600494,0.40440600353558925,163.35456287790237,0.9146456741550084
0.02154308617234469,404.1231551973079,0.4602190415508016,185.9851711533909,0.9164442728534345
0.021643286573146292,404.2929357616303,0.5191476725385854,209.8877366244422,0.9182895799958914
0.021743486973947897,404.4457061193354,0.581072531860526,235.01229045488046,0.9201710074484454
0.0218436873747495,404.58086093750086,0.6458678076415124,261.3057536674193,0.9220782633715991
0.0219438877755511,404.6978646825176,0.7134014292966704,288.71203509781856,0.9240014431411423
0.022044088176352707,404.7962537420726,0.7835352656375548,317.17214020488194,0.9259311085068404
0.02214428857715431,404.8756382621534,0.8561253322995652,346.6242903471847,0.9278583544346558
0.02224448897795591,404.9357036917946,0.9310220082216779,377.0040520517929,0.929774863394743
0.022344689378757516,404.9762120294452,1.0080702608791061,408.244475710355,0.9316729471519614
0.022444889779559118,404.9970027660198,1.0871098799747114,440.27624306708566,0.9335455763825049
0.02254509018036072,404.99799352089497,1.1265907528557257,456.2669944257634,0.9344536149532475
0.022645290581162325,404.9791803683316,1.1131326416191178,450.79554484414615,0.9341460973037423
0.022745490981963927,404.9406378530306,1.0958504284410977,443.75437148445496,0.9337481519751909
0.022845691382765532,404.88251869475886,1.0748564288312927,435.1905781404676,0.9332600892196796
0.022945891783567134,404.8050531832169,1.0502692380004797,425.15429474548085,0.9326819411891999
0.023046092184368736,404.7085482655454,1.0222135164483914,413.6985482592467,0.9320134925572936
0.02314629258517034,404.59338633008645,0.990819767068111,400.87912480087454,0.9312543115666476
0.023246492985971944,404.4600236912193,0.9562241040783805,386.75442378965676,0.9304037819101818
0.023346693386773545,404.3089887812727,0.9185680141048777,371.3853049095649,0.9294611358403094
0.02344689378757515,404.1408800566801,0.8779981097667952,354.8349287692542,0.9284254888857122
0.023547094188376753,403.9563636266726,0.8346658761102965,337.1685921567862,0.9272958765342263
0.023647294589178358,403.7561706139068,0.7887274102372293,318.4535588156076,0.9260712932147778
0.02374749498997996,403.54109425748527,0.7403431545209185,298.75888670140995,0.9247507338800163
0.023847695390781562,403.31198676984815,0.6896776237548501,278.1552526672764,0.9233332384497767
0.023947895791583167,403.06975595999114,0.6368991266422503,256.7147755468233,0.9218179393276454
0.02404809619238477,402.81536163638884,0.582179482007267,234.5108385820428,0.920204112142331
0.02414829659318637,402.5498118038768,0.5256937301152038,211.6179121243533,0.9184912297942879
0.024248496993987977,402.2741586695621,0.46761983952398484,188.11137752170663,0.9166790198052038
0.02434869739478958,401.98949447358757,0.4081384098667704,164.06735305759693,0.9147675248703258
0.024448897795591184,401.6969471612705,0.3474323709689973,139.56252276324824,0.912757166403059
0.024549098196392786,401.3976759137643,0.28568667874579134,114.67396888808285,0.9106488107385439
0.024649298597194388,401.09286655495225,0.22308800827033273,89.47900873118265,0.9084438375240645
0.024749498997995993,400.7837268527721,0.15982444446695654,64.05503649564075,0.9061442096772687
0.024849699398797595,400.4714817335912,0.0960851708478882,38.47937074207905,0.9037525441331714
0.024949899799599197,400.1573684285929,0.03206015671574021,12.829107942778883,0.9012721824346615
0.025050100200400802,399.8426315714071,0.16030078357104813,64.09508714600646,0.906161797783207
0.025150300601202404,399.5285182664088,0.480425854231795,191.94382967810276,0.9170831692403523
0.02525050100200401,399.2162731472279,0.799122222332685,319.022595388785,0.9263508554729654
0.02535070140280561,398.90713344504775,1.115440041344056,444.9569894223829,0.9341989684404007
0.025450901803607213,398.6023240862356,1.4284333937213785,569.3768705397304,0.9408339641897834
0.02555110220440882,398.3030528387295,1.7371618548429153,691.9168700589231,0.9464362804849662
0.02565130260521042,398.01050552641243,2.0406920493263576,812.2168741761142,0.9511623850387648
0.025751503006012023,397.7258413304379,2.338099197612481,929.9224704844459,0.9551470356325774
0.025851703406813628,397.4501881961232,2.628468650568638,1044.6853598361151,0.9585056027233585
0.02595190380761523,397.18463836361116,2.9108974100290204,1156.1637351159488,0.9613363472416051
0.026052104208416832,396.93024404000886,3.1844956332040106,1264.0226288320105,0.9637225808673471
0.026152304609218437,396.68801323015185,3.4483881187670926,1367.934231680179,0.9657346634757669
0.02625250501002004,396.45890574251473,3.701715772597523,1467.5781845738215,0.9674318133962175
0.026352705410821645,396.2438293860932,3.9436370511842287,1562.6418468701193,0.9688637215353851
0.026452905811623247,396.0436363733274,4.17332938054461,1652.8205436545331,0.9700719712435136
0.02655310621242485,395.8591199433199,4.389990548827216,1737.8177952182336,0.9710912729807473
0.026653306613226454,395.6910112187273,4.592840070517743,1817.3455318690562,0.9719505271934609
0.026753507014028056,395.5399763087807,4.78112052038538,1891.1242973626584,0.972673731056691
0.026853707414829658,395.40661366991355,4.9540988353341655,1958.883444265545,0.9732807454588395
0.026953907815631263,395.2914517344546,5.111067582235698,2020.361324494858,0.9737879382631626
0.027054108216432865,395.1949468167831,5.251346189996281,2075.305478272097,0.9742087188318314
0.02715430861723447,395.11748130524114,5.374282144154818,2123.4728246221825,0.9745539772991464
0.027254509018036072,395.0593621469694,5.479252142199674,2164.629856339819,0.9748324403098615
0.027354709418837674,395.0208196316684,5.5656632080899335,2198.5528422535067,0.9750509530107088
0.02745490981963928,395.00200647910503,5.632953764273143,2225.028039291919,0.9752146950535624
0.02755511022044088,395.0029972339802,5.435549399878878,2147.0583045655194,0.9747182793002355
0.027655310621242483,395.0237879705548,5.040351304400671,1991.05866496668,0.9735643619933013
0.02775551102204409,395.0642963082054,4.655110041113354,1839.0677726297085,0.9721972860606752
0.02785571142284569,395.1243617378466,4.280626661502604,1691.3798774642253,0.9705905612866985
0.027955911823647296,395.20374625792743,3.917676328189023,1548.2803615263033,0.9687182263681078
0.028056112224448898,395.3021353174824,3.567007146487745,1410.0455416993252,0.9665561324016793
0.0281563126252505,395.41913906249914,3.229339038211755,1276.9424622306112,0.9640834871304161
0.028256513026052105,395.5542938806646,2.9053626593037194,1149.2286751681327,0.9612846263762683
0.028356713426853707,395.7070642383697,2.595738362696699,1027.1520070336232,0.9581509497598788
0.02845691382765531,395.8768448026921,2.301095207757578,910.9503104376653,0.9546829259742204
0.028557114228456915,396.0629628399506,2.0220300176812973,800.8511997541723,0.9508920414687294
0.028657314629258517,396.26468088132543,1.7591064860562093,697.0717703333336,0.9468025391808804
0.028757515030060122,396.4811996449841,1.512854333763613,599.8183011387104,0.9424527752336379
0.028857715430861724,396.711661203133,1.2837685173890467,509.2859411336919,0.9378960156657217
0.028957915831663326,396.95515238144594,1.0723084901232884,425.6583800968082,0.9332005060602357
0.02905811623246493,397.21070837740024,0.8788975161894231,349.1075049967384,0.9284486768947304
0.029158316633266533,397.4773165831827,0.7039220396775041,279.793043414775,0.9237353970813436
0.029258517034068135,397.7539205980182,0.547731108610381,217.862195883278,0.9191652555594335
0.02935871743486974,398.039424414022,0.4106358550332663,163.44925938120107,0.9148489312975812
0.029458917835671342,398.3326967589902,0.29290903179555544,116.6752445401884,0.9108987984785827
0.029559118236472944,398.6325755789205,0.1947846066304104,77.64748942420738,0.9074239969014806
0.02965931863727455,398.93787264250227,0.11645741409028261,46.45927303062431,0.9045252677821202
0.02975951903807615,399.2473782493299,0.058082865783783494,23.18943188538327,0.9022899026634362
0.029859719438877757,399.5598660231861,0.019776719294355365,7.901983311630789,0.900787170445446
0.02995991983967936,399.8740977713993,0.0016149061000499153,0.6457591197429889,0.9000645701718027
0.03006012024048096,380.18882839102383,0.0072668374131807534,2.762770402225249,0.9002901460662524
0.030160320641282566,380.50281080240006,0.051656514308410124,19.65544889060445,0.9020398048752064
0.030260521042084168,380.8148008905473,0.13631086992237837,51.90919678870781,0.9052707785502355
0.03036072144288577,381.1235624348099,0.26106208900405264,99.49691337789795,0.9097896602429691
0.030460921843687375,381.4278720072228,0.4256627634604638,162.35964205943853,0.9153366065123608
0.030561122244488977,381.7265238201874,0.6297862601578282,240.406119839764,0.9216106503267094
0.030661322645290583,382.01833450425056,0.8730272066152516,333.51239944805667,0.9282971435037485
0.030761523046092185,382.3021477970536,1.154902093907305,441.5215509960771,0.9350938126692807
0.030861723446893786,382.57683912487363,1.4748499960319683,564.2434496652429,0.9417324745645727
0.030961923847695392,382.84132005860266,1.832233404746117,701.4546553284715,0.9479944305713566
0.031062124248496994,383.0945426265078,2.226339178777554,852.898389425262,0.9537187161467878
0.031162324649298596,383.33550346668494,2.6563796061942924,1018.2846137391233,0.9588034839358457
0.0312625250501002,383.56324780275116,3.1214935784694675,1197.2902149531808,0.9632016638059033
0.0313627254509018,383.7768732270238,3.620747874709406,1389.5592980993677,0.9669125638521532
0.031462925851703405,383.9755332761951,4.153138554389874,1594.7035911917778,0.9699712360661131
0.03156312625250501,384.15844078533377,4.717592456677207,1812.302962417768,0.9724372838381372
0.031663326653306616,384.3248710069256,5.312968804420967,2041.9060504229078,0.9743844348539683
0.03176352705410822,384.474164482592,5.938060910603023,2283.031007250837,0.9758917539755799
0.03186372745490982,384.60572965610925,6.591597985148738,2535.16635267787,0.9770369248173417
0.03196392785571142,384.7190452173741,7.272247039488723,2797.771937616977,0.9778916553470283
0.03206412825651302,384.81366216802815,7.978614886504608,3070.2800135041844,0.9785189975472607
0.03216432865731463,384.8892056005559,8.709250233155077,3352.0964036155137,0.9789722196076466
0.032264529058116234,384.9453761838079,9.462645862929925,3642.601771399714,0.9792948158444902
0.032364729458917836,384.9819513490621,10.23724090543905,3941.152980206365,0.9795212581767687
0.03246492985971944,384.9987861719234,11.031423189844471,4247.084537838929,0.9796781549177548
0.03256513026052104,384.9958139465683,11.242102336145086,4328.162339374795,0.979710333359697
0.03266533066132264,384.9730464500581,11.099786251557397,4273.118528206523,0.9796889701812285
0.03276553106212425,384.93057389567366,10.919448654812598,4203.229637321355,0.979659621720384
0.03286573146292585,384.868564575457,10.702225427796984,4118.950138159182,0.9796205703516695
0.032965931863727455,384.78726419337573,10.449314827455291,4020.7632651517974,0.9795694237189485
0.033066132264529056,384.68699489175253,10.161975324560439,3909.179749769297,0.9795028984896711
0.03316633266533066,384.56815397481745,9.841523358112555,3784.736470129392,0.9794165141305224
0.03326653306613227,384.43121233444134,9.48933100866213,3647.99502390279,0.9793041623237708
0.03336673346693387,384.2767125842868,9.106823593972681,3499.540232776842,0.9791575029871263
0.03346693386773547,384.1052669097717,8.69547719015761,3339.97858703332,0.9789651173490185
0.03356713426853707,383.91755464236246,8.256816082180155,3169.936639402337,0.9787113198003734
0.033667334669338675,383.7143195678111,7.792410147038487,2990.05935736418,0.9783744900837813
0.033767535070140284,383.49636697899916,7.303872173416743,2801.0084433843276,0.9779247314894917
0.033867735470941886,383.26456048506844,6.792855121676721,2603.4606326481744,0.9773205834279274
0.03396793587174349,383.01981858948034,6.261049327729752,2398.1059776868374,0.9765044107103701
0.03406813627254509,382.7631110505642,5.710179655115247,2185.6461294495493,0.9753959478996598
0.03416833667334669,382.49545503897417,5.142002598964588,1966.7926239025478,0.9738832840978886
0.03426853707414829,382.21791110728134,4.5583033460178335,1742.2651831082674,0.9718103188812701
0.0343687374749499,381.9315789876704,3.9608927947528985,1512.790039300861,0.968959390614391
0.034468937875751504,381.63759323439183,3.3516045399101357,1279.0982900847653,0.9650273625583722
0.034569138276553106,381.3371187282367,2.732291825284428,1041.9242921786786,0.9595929440279155
0.03466933867735471,381.031346060846,2.104824469457038,802.0041008190211,0.9520724292460779
0.03476953907815631,380.72148681714407,1.4710857684149472,560.0739609864796,0.9416603829054607
0.03486973947895792,380.4087687745891,0.832969379467678,316.8688560702329,0.9272511513836351
0.03496993987975952,380.0944310382627,0.19237619089918417,73.12111882513362,0.9073365476647328
0.03507014028056112,401.77971913107484,0.44878881863355446,180.3142454997564,0.9160800048643704
0.035170340681362725,401.46588005853965,1.0886197261545036,437.04367640970423,0.9335806326654579
0.035270541082164326,401.1541573676759,1.725212811843281,692.0762918149102,0.9462351530994336
0.03537074148296593,400.8457862196119,2.3566697034315176,944.6611201319463,0.9553767336399348
0.03547094188376754,400.54198849541797,2.9811005132028368,1194.0559274629752,0.9619801058511104
0.03557114228456914,400.2439679545598,3.5966269631118295,1439.528246968237,0.9667537677551151
0.03567134268537074,399.952905465156,4.201385494014264,1680.3563353101647,0.9702102698955725
0.03577154308617234,399.66995432493985,4.79353035425103,1915.830057738722,0.9727190492038431
0.035871743486973945,399.3962356914654,5.3712366636251,2145.2517044598508,0.9745456781039408
0.035971943887775554,399.1328341396642,5.932703448400703,2367.936741470332,0.9758807343364475
0.036072144288577156,398.880793364357,6.476156642996788,2583.2144997104097,0.9768608617701007
0.03617234468937876,398.64111204474636,6.999852054513019,2790.4288071597725,0.977584030616941
0.03627254509018036,398.4147398872794,7.502078285529942,2988.9385687434187,0.9781205343797124
0.03637274549098196,398.20257386255713,7.981159611423167,3178.1182996765915,0.9785208807208899
0.03647294589178357,398.0054546512042,8.435458808061664,3357.358618094088,0.9788214354314584
0.03657314629258517,397.8241633127799,8.863379925833787,3526.066703118115,0.9790484502695017
0.036673346693386774,397.65941819092956,9.263371006410274,3683.666724895835,0.9792209334981536
0.036773547094188376,397.5118720670404,9.633926738027498,3829.600252990026,0.9793526943820001
0.03687374749498998,397.3821095736791,9.97359104585331,3963.3266498263442,0.9794537993545607
0.03697394789579158,397.27064487806035,10.280959613659546,4084.323455683822,0.9795316096137633
0.03707414829659319,397.1779196447253,10.554682333271339,4192.086771639646,0.9795915209012991
0.03717434869739479,397.1043012855023,10.793465678211662,4286.131646595292,0.9796374910822977
0.03727454909819639,397.050081503685,10.996074998429467,4365.992474347053,0.9796724160315451
0.037374749498997994,397.0154751381956,11.161336732476936,4431.223406021726,0.9796983964075354
0.037474949899799596,397.00061931231284,11.288140534233127,4481.398782974973,0.9797169250661435
0.037575150300601205,397.0055728903387,10.711505047730675,4252.527197992072,0.979622326755293
0.03767535070140281,397.0303162443567,9.924961016704161,3940.510411174965,0.9794403556989045
0.03777555110220441,397.0747513320041,9.158655097937602,3636.670695549165,0.9791790564375124
0.03787575150300601,397.1387020849529,8.414179229759283,3341.59621841677,0.978808828805957
0.03797595190380761,397.2219151065578,7.693073098788889,3055.8572293556635,0.9782917147574128
0.03807615230460922,397.3240606759075,6.996821819660854,2780.0056572134426,0.9775803673652004
0.038176352705410824,397.44473405430205,6.3268537000121166,2514.5746862017927,0.9766175517396604
0.038276553106212426,397.58345708897747,5.684538093512734,2260.078307172778,0.9753365403450104
0.03837675350701403,397.73968010772495,5.071183344050212,2017.010841030154,0.9736628131044921
0.03847695390781563,397.91278409689636,4.488034823601899,1785.846431783255,0.9715174660258511
0.03857715430861723,398.1020831541661,3.9362730664779444,1567.038507628507,0.9688226422628619
0.03867735470941884,398.3068272063313,3.4170120023872546,1361.0192091968204,0.9655091033723903
0.03877755511022044,398.5262049813804,2.9312972907234847,1168.1987849442323,0.9615257478070866
0.038877755511022044,398.7593472230542,2.480104758140479,988.9649544008881,0.9568504751472209
0.038977955911823646,399.0053301351624,2.0643389416728017,823.6822409330281,0.9515013372865828
0.03907815631262525,399.2631790420071,1.6848317391891987,672.6912763395533,0.945546493927105
0.03917835671342686,399.5318722504103,1.3423411690168323,536.3080804560994,0.9391112055916182
0.03927855711422846,399.81034509804164,1.037550240402645,414.8233196719376,0.932380063171991
0.03937875751503006,400.09749417200646,0.7710659362175531,308.50154892203517,0.9255929540526855
0.03947895791583166,400.3921816809775,0.5434183093691065,217.58044245368492,0.9190339299952913
0.039579158316633264,400.69323996354694,0.3550596940254252,142.27001917951324,0.9130131194412531
0.039679358717434866,400.99947611493474,0.206364032730646,82.75186901395429,0.9078429770758759
0.039779559118236475,401.3096767137207,0.09762632029320673,39.17838703561694,0.9038112758638298
0.03987975951903808,401.6226126298709,0.029062165191921636,11.67202271306046,0.9011540812753324
0.03997995991983968,401.9370438950077,0.0008074690527674365,0.32455172410604544,0.9000322922429254
0.04008016032064128,402.25172461562516,0.01291822465763513,5.196378147505825,0.9005150637682282
0.04018036072144288,402.5654079097819,0.06537043272185204,26.315874913911323,0.9025725461728894
0.04028056112224449,402.87685084771107,0.15806013756509904,63.6787704667831,0.9060790287914197
0.040380761523046094,403.1848193767694,0.2908035816153099,117.24758952768633,0.9108260156065273
0.040480961923847696,403.4880932112126,0.46333747856732854,186.95115574042248,0.9165432929024999
0.0405811623246493,403.78547066742084,0.6753194048031953,272.6841637193007,0.9229249577726789
0.0406813627254509,404.075773425416,0.9263283085793309,374.30682773505055,0.9296568541210245
0.04078156312625251,404.35785119780274,1.215865136304852,491.6446138625535,0.9364419702414675
0.04088176352705411,404.630586287635,1.543353575052836,624.4880619227465,0.9430210124545899
0.04098196392785571,404.8928980171465,1.908140910400734,772.5927030372295,0.9491863991214837
0.041082164328657314,405.14374700979744,2.3094989983644756,935.6790779127576,0.9547890824832073
0.041182364729458916,405.38213930867084,2.74662535021535,1113.4328603497258,0.9597386737218837
0.04128256513026052,405.60713031489894,3.218644328715566,1305.505089674645,0.9639981479235938
0.04138276553106213,405.81782853051493,3.724608454204113,1511.512515011511,0.9675748529419348
0.04148296593186373,406.0133990908992,4.263499818748651,1731.0380534335723,0.9705096383037959
0.04158316633266533,406.1930670728233,4.834231606628491,1963.631363236809,0.9728657235919322
0.04168336673346693,406.35612056498326,5.435649718954128,2208.809532544341,0.9747185442222595
0.041783567134268534,406.5019134888574,6.066534500404794,2466.0578826607184,0.97614735708401
0.04188376753507014,406.62986815870886,6.725602565754814,2734.830884600754,0.9772289526545234
0.041983967935871745,406.7394775705915,7.411508723701221,3014.5531862881157,0.9780334666480079
0.04208416833667335,406.8303074112877,8.122847995623621,3304.62074711472,0.9786220420775927
0.04218436873747495,406.90199777921896,8.858157726354033,3604.40207549688,0.979045962431665
0.04228456913827655,406.9542646105095,9.615919784333448,3913.2395643870673,0.9793468400658025
0.04238476953907815,406.9869008045529,10.394562848159598,4230.450918790621,0.9795574734380836
0.04248496993987976,406.9997770446216,11.192464776512628,4555.3306686204205,0.9797030542312288
0.042585170340681364,406.99284231026826,11.21673321330213,4565.130131917822,0.9797066356631561
0.042685370741482966,406.96612407948686,11.066725020146544,4503.78218770252,0.9796837859354883
0.04278557114228457,406.91972821983563,10.878917400382429,4426.8461118896585,0.9796526533705548
0.04288577154308617,406.8538385689498,10.654458879636953,4334.807493055327,0.9796113992473222
0.04298597194388778,406.76871620610893,10.394559933262157,4228.181799580505,0.9795574727931233
0.04308617234468938,406.66469841774347,10.100490807999847,4107.513048306448,0.9794873791389463
0.04318637274549098,406.542197360981,9.77357925981576,3973.372388367209,0.9793963513739241
0.043286573146292584,406.40169843052615,9.415208211492322,3826.356608227516,0.9792778897645552
0.043386773547094186,406.24375833534674,9.026813333054239,3667.086574211572,0.9791231155329677
0.043486973947895795,406.0690028927858,8.60988054854957,3496.205609375516,0.978919864646715
0.0435871743486974,405.8781245488408,8.165943472818066,3314.3778219192445,0.9786514163436565
0.043687374749499,405.67187963443524,7.696580781573238,3122.286392419086,0.978294708193008
0.0437875751503006,405.4510853685546,7.203413518895407,2920.6318295946617,0.9778178298239513
0.0438877755511022,405.21661662012104,6.6881023456288595,2710.130204104822,0.9771765050491795
0.043987975951903804,404.9694024414376,6.1523447326611835,2491.5113699995254,0.9763091592842685
0.04408817635270541,404.71042238693775,5.5978721029757486,2265.5171832633705,0.975130016333507
0.044188376753507015,404.440702631827,5.026446926601841,2032.8997267364357,0.9735194643345241
0.04428857715430862,404.1613119059949,4.439859772201206,1794.4195502114912,0.9713106620719958
0.04438877755511022,403.8733572593108,3.8399263198271867,1550.843934416996,0.9682710109405608
0.04448897795591182,403.57797967508037,3.2284843387009756,1302.9451868255776,0.9640766837589286
0.04458917835671343,403.276349549046,2.607390634316271,1051.4989768554374,0.9582778751924605
0.04468937875751503,402.969662051844,1.978517969228742,797.2827174236069,0.950251829031254
0.044789579158316634,402.6591323932945,1.3437519614797233,541.0739989612131,0.9391400382226921
0.044889779559118236,402.3459910072884,0.7049879654011254,283.64908158752775,0.9237653760355895
0.04498997995991984,402.0314786763512,0.06412793880229296,25.7814500611524,0.9025244296580242
0.04509018036072144,401.71684161520176,0.576922698982055,231.75956449118888,0.9200467384089052
0.04519038076152305,401.40332653278625,1.2162582138679143,488.21009296940576,0.9364505302423485
0.04529058116232465,401.0921756923543,1.851975704123828,742.812964496406,0.9483088081512575
0.04539078156312625,400.78462198915037,2.482178243765462,994.8188691372337,0.9568744628140555
0.045490981963927854,400.4818840652244,3.104978017438449,1243.4874464048553,0.9630623725056269
0.045591182364729456,400.18516148071967,3.718499442772199,1488.0882999717585,0.9675368422368197
0.045691382765531065,399.8956299607694,4.320882275759112,1727.9019396510128,0.9707780593617324
0.04579158316633267,399.61443673683715,4.910284694738723,1962.2206525055274,0.9731319220871166
0.04589178356713427,399.34269600095934,5.484886359027431,2190.3493058729,0.9748469773998505
0.04599198396793587,399.08148449090237,6.042891437505966,2411.606085497244,0.9761015426799464
0.04609218436873747,398.83183722372775,6.582531603276552,2625.3231729180375,0.9770234621403928
0.04619238476953908,398.59474339466965,7.102068990108322,2830.847366683467,0.9777044048382757
0.04629258517034068,398.37114245757596,7.5997991064459525,3027.540652482939,0.9782101584767234
0.046392785571142285,398.16192040244306,8.07405370322413,3214.7807279081767,0.9785880103866469
0.04649298597194389,397.96790624479416,8.523203591062623,3391.961487633303,0.9788720240418606
0.04659318637274549,397.7898687408119,8.945661403209256,3558.4934753823572,0.979086803381212
0.04669338677354709,397.6285133412406,9.33988430022995,3713.8043090796286,0.9792501750618078
0.0467935871743487,397.4844793961283,9.704376612683921,3857.3390857566314,0.979375098768709
0.0468937875751503,397.35833762148434,10.03769241794902,3988.560772752,0.9794710278919412
0.046993987975951904,397.2505878378905,10.338438047842272,4106.950591830956,0.979544879194759
0.047094188376753505,397.1616569900261,10.60527452310717,4212.008402431352,0.9796017242310723
0.04719438877755511,397.0918974549544,10.836919911596546,4303.253090263249,0.9796452824078349
0.047294589178356716,397.04158564587397,11.032151606694644,4380.222967007718,0.9796782721151018
0.04739478957915832,397.01092091686684,11.189808522640826,4442.476186457039,0.9797026595875444
0.04749498997995992,397.00002477298347,11.30879320385658,4489.591182083609,0.9797198331519121
0.04759519038076152,397.00894038879454,10.552655300312614,4189.498499065307,0.979591106691132
0.047695390781563124,397.0376324373175,9.77002910866338,3879.0692261473837,0.9793952789004122
0.04779559118236473,397.08598722999494,9.007963482905073,3576.9360725411043,0.9791148118934438
0.047895791583166335,397.153813167171,8.268040100661135,3283.6836533966502,0.9787185316302061
0.04799599198396794,397.24084149728054,7.551787917080446,2999.878586990032,0.9781666724002915
0.04809619238476954,397.34672738174237,6.860680861428488,2726.0690878991627,0.977409926628798
0.04819639278557114,397.47105126133823,6.1961356194096755,2462.784538404587,0.9763890935862525
0.04829659318637274,397.61332051866196,5.559509504255957,2210.5350344422714,0.9750357020755898
0.04839679358717435,397.772971430053,4.952098419384475,1969.8109030926314,0.9732740214447166
0.04849699398797595,397.9493713992788,4.375134915393974,1741.0821893680688,0.9710248542214582
0.048597194388777555,398.1418214641161,3.829786343814113,1524.7981107445487,0.9682113941060858
0.04869739478957916,398.34955906589926,3.317153110276967,1321.386478832906,0.9647672139858798
0.04879759519038076,398.5717610710608,2.838267029259214,1131.253088241773,0.9606461160542579
0.04889779559118237,398.8075470326924,2.394089782635113,954.7810735887412,0.9558331528037004
0.04899799599198397,399.055982679203,1.985511484116235,792.3302364148469,0.9503556695112337
0.04909819639278557,399.31608361624956,1.6133493513624007,644.2363444908503,0.9442928139304604
0.049198396793587174,399.5868192272737,1.2783464876787278,510.81040688190006,0.9377817162750616
0.049298597194388775,399.8671167571869,0.9811707747910748,392.33792876212226,0.931018569971078
0.04939879759519038,400.15586556302543,0.7224138782130266,289.0781507310757,0.9242532175057373
0.049498997995991986,400.45192151472986,0.5025903665080362,201.26327800293544,0.9177765802979154
0.04959919839679359,400.75411152861375,0.3221369456329447,129.09770543767212,0.9119012973810393
0.04969939879759519,401.0612382155571,0.18141180931896986,72.7572448723906,0.9069370988286308
0.04979959919839679,401.37208462550694,0.08069410642568374,32.388361713069195,0.9031635158443602
0.049899799599198394,401.6854190694856,0.020183525912419786,8.107428064430163,0.9008032809585738
0.05,402.0,4.8964053887156334e-27,1.9683549662636848e-24,0.9
